Feature,Mean_R2_Decrease,Std_R2_Decrease
activity_duration_min,3437.6306277614945,71.39470618708515
hr_zone_4_min,298.9930894419767,5.15026775614526
hr_zone_3_min,284.4417217509802,5.694078491470615
hr_zone_2_min,221.67127125356447,6.037563449851173
hr_zone_1_min,145.74133704202526,3.2543778391684324
avg_heart_rate,98.25071804450147,1.6130135139624597
max_heart_rate,96.48705771753134,1.9573157847998857
hr_zone_5_min,62.35084232674593,1.275821133160384
resting_heart_rate,2.0324677055359257,0.06478819024233082
sleep_hours,1.8556901219275423,0.07745213341130375
rhr_baseline,1.7085130366327128,0.0373133502522425
hrv,1.4354601736293435,0.028206247655042937
hrv_baseline,1.1189650785683973,0.016113166994205376
light_sleep_hours,0.7857726469055736,0.03979273090425149
day_strain,0.5983269878510449,0.038516549376154965
