Actual,Predicted,Residual,Absolute_Error
69.0,61.835169509850495,7.164830490149505,7.164830490149505
81.6,70.91477450404255,10.68522549595744,10.68522549595744
63.1,75.85227103447657,-12.752271034476571,12.752271034476571
89.3,69.94962557693466,19.350374423065333,19.350374423065333
49.6,53.38997578516645,-3.7899757851664475,3.7899757851664475
44.5,57.33633635584742,-12.836336355847422,12.836336355847422
63.5,71.14309547138286,-7.643095471382864,7.643095471382864
74.6,75.73469523808922,-1.134695238089222,1.134695238089222
54.6,57.39512936073915,-2.7951293607391463,2.7951293607391463
84.3,64.15092612694963,20.14907387305037,20.14907387305037
98.1,64.72915745052904,33.37084254947095,33.37084254947095
64.8,64.05516474661714,0.7448352533828597,0.7448352533828597
45.4,62.79624262512033,-17.39624262512033,17.39624262512033
48.0,70.0559569303007,-22.055956930300695,22.055956930300695
58.3,57.85405927102477,0.4459407289752306,0.4459407289752306
26.4,48.106166280415565,-21.706166280415566,21.706166280415566
66.9,72.06510285420708,-5.165102854207078,5.165102854207078
52.9,55.12107087009697,-2.2210708700969732,2.2210708700969732
64.5,73.51841543278692,-9.018415432786924,9.018415432786924
46.6,48.01916830633375,-1.4191683063337521,1.4191683063337521
66.5,64.74903615741279,1.7509638425872112,1.7509638425872112
41.3,56.88585200408877,-15.585852004088771,15.585852004088771
40.5,65.57272025716625,-25.072720257166253,25.072720257166253
90.8,81.30261752850495,9.497382471495044,9.497382471495044
74.2,75.94607057538725,-1.7460705753872503,1.7460705753872503
99.4,71.01565788465821,28.384342115341795,28.384342115341795
68.1,76.4373415116345,-8.337341511634506,8.337341511634506
40.0,59.91479432346,-19.91479432346,19.91479432346
58.4,67.68764139436153,-9.287641394361536,9.287641394361536
63.6,70.10943597614877,-6.509435976148772,6.509435976148772
75.1,71.90067176276263,3.199328237237367,3.199328237237367
72.8,68.37545842658221,4.424541573417784,4.424541573417784
46.4,68.79524671061739,-22.395246710617393,22.395246710617393
50.9,60.16134339412374,-9.261343394123742,9.261343394123742
66.0,66.94486026907487,-0.9448602690748658,0.9448602690748658
63.0,77.00573507741657,-14.005735077416574,14.005735077416574
80.2,74.38712484111097,5.812875158889028,5.812875158889028
75.2,56.93391424680449,18.26608575319551,18.26608575319551
63.5,74.06095705042138,-10.56095705042138,10.56095705042138
37.0,47.292228902460884,-10.292228902460884,10.292228902460884
54.7,60.805946097956834,-6.105946097956831,6.105946097956831
67.9,57.95381230364734,9.946187696352666,9.946187696352666
84.8,84.60051091499902,0.19948908500097673,0.19948908500097673
73.1,63.24665796413761,9.853342035862383,9.853342035862383
99.1,77.61639986170859,21.483600138291408,21.483600138291408
72.2,60.32764726023672,11.87235273976328,11.87235273976328
93.9,64.8475228668931,29.052477133106905,29.052477133106905
68.8,65.47254994342096,3.327450056579039,3.327450056579039
61.8,67.91782929552024,-6.117829295520238,6.117829295520238
39.5,60.74874231328185,-21.248742313281852,21.248742313281852
53.9,54.315135395267134,-0.4151353952671357,0.4151353952671357
55.7,62.60548720344575,-6.905487203445745,6.905487203445745
46.8,52.61642670062281,-5.816426700622813,5.816426700622813
94.1,78.93673776948592,15.163262230514079,15.163262230514079
56.2,54.73652736358476,1.46347263641524,1.46347263641524
75.3,60.06481236528727,15.23518763471273,15.23518763471273
83.9,73.97609913603313,9.923900863966878,9.923900863966878
65.3,63.515434738441755,1.7845652615582424,1.7845652615582424
71.5,67.01802168631856,4.481978313681438,4.481978313681438
73.5,59.018470920432534,14.481529079567466,14.481529079567466
40.5,57.19267991572135,-16.69267991572135,16.69267991572135
28.7,53.65605835650403,-24.956058356504034,24.956058356504034
35.3,62.021630849831,-26.721630849831,26.721630849831
82.2,73.08596357129566,9.114036428704338,9.114036428704338
39.3,58.24787367319377,-18.947873673193776,18.947873673193776
83.8,73.21017948086457,10.58982051913543,10.58982051913543
67.4,61.83049519332942,5.569504806670587,5.569504806670587
33.2,64.50033297809784,-31.300332978097842,31.300332978097842
49.5,60.412981786534395,-10.912981786534395,10.912981786534395
47.1,61.642238255346705,-14.542238255346703,14.542238255346703
71.0,61.270943661751275,9.729056338248725,9.729056338248725
75.5,80.28979955334495,-4.789799553344949,4.789799553344949
74.1,74.44940710781887,-0.34940710781887674,0.34940710781887674
82.5,59.52388580250084,22.976114197499157,22.976114197499157
84.1,64.80647053878879,19.293529461211207,19.293529461211207
38.5,71.7685071809337,-33.268507180933696,33.268507180933696
87.6,75.29554121187101,12.304458788128983,12.304458788128983
48.8,67.46568079120202,-18.66568079120202,18.66568079120202
78.2,58.40628750753459,19.79371249246541,19.79371249246541
74.9,70.83019106073559,4.069808939264419,4.069808939264419
42.9,51.29726291783676,-8.397262917836763,8.397262917836763
66.7,71.76626762062001,-5.06626762062001,5.06626762062001
86.5,77.0537234149466,9.446276585053397,9.446276585053397
74.9,67.29928461662399,7.600715383376013,7.600715383376013
68.6,66.68775445546748,1.9122455445325102,1.9122455445325102
45.8,64.44584752611736,-18.645847526117365,18.645847526117365
59.7,54.460001025226894,5.239998974773108,5.239998974773108
63.8,46.59579600523891,17.204203994761087,17.204203994761087
38.3,55.377237012217144,-17.077237012217147,17.077237012217147
54.1,66.13082241613758,-12.030822416137575,12.030822416137575
41.2,57.41919919727984,-16.219199197279835,16.219199197279835
62.4,73.56762465794495,-11.167624657944948,11.167624657944948
44.6,61.67826139286154,-17.078261392861542,17.078261392861542
44.8,58.458766351632185,-13.658766351632188,13.658766351632188
38.4,53.60521179626121,-15.20521179626121,15.20521179626121
76.2,82.33003397761962,-6.130033977619618,6.130033977619618
61.0,72.61702329740697,-11.617023297406973,11.617023297406973
71.5,75.19614909755478,-3.6961490975547804,3.6961490975547804
86.2,63.28191954159153,22.918080458408475,22.918080458408475
65.1,80.0697065086724,-14.969706508672402,14.969706508672402
79.6,67.2185558652616,12.381444134738388,12.381444134738388
83.6,76.71025629187211,6.889743708127881,6.889743708127881
58.2,73.60627646023752,-15.406276460237521,15.406276460237521
83.0,75.99721897690674,7.002781023093263,7.002781023093263
82.6,76.0852623486834,6.514737651316594,6.514737651316594
53.8,56.10784240774551,-2.307842407745511,2.307842407745511
31.1,61.47020847995568,-30.37020847995568,30.37020847995568
49.4,58.26372349288499,-8.863723492884994,8.863723492884994
64.4,58.69288403157619,5.707115968423814,5.707115968423814
37.6,51.92531818749806,-14.325318187498056,14.325318187498056
65.3,74.57665747996242,-9.276657479962424,9.276657479962424
70.5,66.39657151209141,4.103428487908587,4.103428487908587
99.6,66.78561495192301,32.814385048076986,32.814385048076986
61.3,63.374195487492514,-2.074195487492517,2.074195487492517
71.8,59.67820407155707,12.121795928442928,12.121795928442928
74.3,69.80342159934212,4.4965784006578815,4.4965784006578815
66.7,69.29074904244507,-2.5907490424450685,2.5907490424450685
72.7,75.99329756864637,-3.2932975686463664,3.2932975686463664
56.1,50.36420299415913,5.7357970058408725,5.7357970058408725
46.6,63.300737069263484,-16.700737069263482,16.700737069263482
53.9,65.36752024555838,-11.467520245558383,11.467520245558383
42.0,50.30122620015678,-8.301226200156783,8.301226200156783
65.2,59.50340558821625,5.6965944117837495,5.6965944117837495
98.9,64.83607199645677,34.06392800354324,34.06392800354324
72.2,72.96772446941647,-0.7677244694164642,0.7677244694164642
93.1,84.69197037880348,8.408029621196519,8.408029621196519
51.6,57.49687887952805,-5.896878879528046,5.896878879528046
70.3,65.14694197562994,5.153058024370054,5.153058024370054
60.8,64.35303147340564,-3.553031473405639,3.553031473405639
32.9,56.25910480878472,-23.35910480878472,23.35910480878472
87.3,58.299889332854136,29.00011066714586,29.00011066714586
46.6,62.899791091342045,-16.299791091342044,16.299791091342044
88.0,73.66583296749214,14.334167032507864,14.334167032507864
50.5,63.929311996362024,-13.429311996362024,13.429311996362024
88.5,75.35841389474147,13.141586105258526,13.141586105258526
34.2,57.952423192787634,-23.75242319278763,23.75242319278763
68.2,67.16074085571437,1.0392591442856371,1.0392591442856371
55.4,63.07404899749546,-7.674048997495461,7.674048997495461
65.5,67.28565924715609,-1.7856592471560901,1.7856592471560901
55.6,63.34986142000647,-7.749861420006468,7.749861420006468
62.8,71.73321182525085,-8.93321182525085,8.93321182525085
81.4,60.369510766587794,21.03048923341221,21.03048923341221
66.4,57.66697045722392,8.733029542776087,8.733029542776087
51.4,60.17006323757771,-8.770063237577709,8.770063237577709
50.7,70.14038164651143,-19.440381646511426,19.440381646511426
59.0,62.23916768024269,-3.239167680242687,3.239167680242687
63.1,64.47972560339069,-1.379725603390689,1.379725603390689
100.0,84.872957202121,15.127042797879,15.127042797879
65.5,66.4820226850612,-0.9820226850611959,0.9820226850611959
79.3,66.23674524484332,13.063254755156677,13.063254755156677
69.9,67.07111197936366,2.8288880206363416,2.8288880206363416
57.6,61.48731910275175,-3.8873191027517464,3.8873191027517464
61.2,66.6264310801005,-5.4264310801005,5.4264310801005
52.3,62.66783990827814,-10.367839908278143,10.367839908278143
53.1,59.508038902862026,-6.408038902862025,6.408038902862025
50.4,52.186519430446744,-1.786519430446745,1.786519430446745
88.4,65.1929955450886,23.2070044549114,23.2070044549114
87.1,70.95486855670416,16.14513144329584,16.14513144329584
44.5,58.67363834235023,-14.17363834235023,14.17363834235023
62.8,59.87252859327199,2.92747140672801,2.92747140672801
68.7,56.55947036580189,12.14052963419811,12.14052963419811
82.2,65.32526461714863,16.87473538285137,16.87473538285137
80.1,77.93233928763507,2.1676607123649205,2.1676607123649205
94.1,69.96163654415142,24.138363455848577,24.138363455848577
79.5,64.49131960253243,15.008680397467572,15.008680397467572
62.7,60.59599755534195,2.1040024446580503,2.1040024446580503
100.0,65.73397618184985,34.266023818150146,34.266023818150146
58.3,55.188978741788546,3.1110212582114514,3.1110212582114514
78.4,73.42094593610177,4.979054063898232,4.979054063898232
77.5,65.50181806093504,11.998181939064963,11.998181939064963
39.5,70.67938374891574,-31.17938374891574,31.17938374891574
71.2,68.71286173966088,2.4871382603391226,2.4871382603391226
73.4,77.41308321621167,-4.013083216211669,4.013083216211669
97.7,66.20059839168331,31.49940160831669,31.49940160831669
81.8,69.19712103061477,12.60287896938523,12.60287896938523
66.4,63.12186795635753,3.2781320436424792,3.2781320436424792
56.0,57.66215499538688,-1.662154995386878,1.662154995386878
57.9,60.28659471498622,-2.3865947149862237,2.3865947149862237
72.6,71.20670102537662,1.3932989746233773,1.3932989746233773
52.6,64.4007571928989,-11.800757192898892,11.800757192898892
62.6,54.8516219615835,7.748378038416504,7.748378038416504
55.6,55.77254287358984,-0.17254287358984044,0.17254287358984044
54.6,65.5553272269198,-10.955327226919799,10.955327226919799
64.8,69.54426031126363,-4.744260311263631,4.744260311263631
72.3,70.20071135973849,2.0992886402615056,2.0992886402615056
85.2,61.04667733221102,24.153322667788984,24.153322667788984
50.2,61.68089550635168,-11.480895506351679,11.480895506351679
60.7,61.198754656238386,-0.49875465623838267,0.49875465623838267
61.3,68.98204361068063,-7.682043610680637,7.682043610680637
49.8,63.866972740762534,-14.066972740762537,14.066972740762537
73.9,62.65044639135458,11.249553608645428,11.249553608645428
41.0,58.17679070085762,-17.176790700857623,17.176790700857623
79.2,58.503647098883086,20.696352901116917,20.696352901116917
49.0,53.2374187022631,-4.237418702263099,4.237418702263099
73.2,68.70618038202524,4.493819617974765,4.493819617974765
67.8,50.67063404034447,17.12936595965553,17.12936595965553
56.5,72.64102837530012,-16.141028375300124,16.141028375300124
88.3,65.22225473431908,23.077745265680917,23.077745265680917
53.9,71.7388592030393,-17.8388592030393,17.8388592030393
92.0,60.190357979708736,31.809642020291264,31.809642020291264
100.0,80.57536946990666,19.42463053009334,19.42463053009334
66.3,67.99669455607126,-1.6966945560712645,1.6966945560712645
79.8,58.44850109469661,21.351498905303387,21.351498905303387
95.9,74.54448363286876,21.355516367131244,21.355516367131244
55.4,61.97580292727291,-6.57580292727291,6.57580292727291
60.5,62.695304672087744,-2.195304672087744,2.195304672087744
50.3,44.824858970064284,5.475141029935713,5.475141029935713
95.1,76.86011039284406,18.23988960715593,18.23988960715593
57.2,59.927207410907805,-2.727207410907802,2.727207410907802
57.4,68.0922998404981,-10.692299840498102,10.692299840498102
65.5,56.00569937418753,9.494300625812471,9.494300625812471
93.4,63.57771985602545,29.822280143974552,29.822280143974552
39.3,66.83591798738561,-27.535917987385616,27.535917987385616
36.5,56.52321750638422,-20.02321750638422,20.02321750638422
84.2,76.99417613342159,7.205823866578413,7.205823866578413
61.2,53.08681474498043,8.113185255019573,8.113185255019573
73.3,58.881779866500395,14.418220133499602,14.418220133499602
44.6,54.613772451085595,-10.013772451085593,10.013772451085593
47.2,61.8936683738061,-14.693668373806098,14.693668373806098
81.5,76.75458415070031,4.74541584929969,4.74541584929969
45.7,63.93794086691075,-18.237940866910748,18.237940866910748
72.9,54.61648960769522,18.283510392304784,18.283510392304784
95.5,77.36582244063416,18.13417755936584,18.13417755936584
85.2,65.8940926850345,19.30590731496551,19.30590731496551
34.5,71.61173466856937,-37.11173466856937,37.11173466856937
40.0,52.084892565161816,-12.084892565161816,12.084892565161816
86.0,69.98184464819073,16.01815535180927,16.01815535180927
56.5,49.65882360128758,6.84117639871242,6.84117639871242
90.5,65.69010467543288,24.809895324567123,24.809895324567123
52.9,48.33262616962002,4.567373830379978,4.567373830379978
90.9,73.55908192422669,17.340918075773317,17.340918075773317
70.3,72.69747866682808,-2.3974786668280785,2.3974786668280785
46.5,61.17485840562868,-14.674858405628683,14.674858405628683
80.7,57.233977765574345,23.466022234425658,23.466022234425658
70.7,74.4634604348747,-3.763460434874702,3.763460434874702
74.8,64.8611643716571,9.9388356283429,9.9388356283429
45.7,54.63330125340576,-8.933301253405759,8.933301253405759
100.0,67.49891433241645,32.50108566758355,32.50108566758355
61.0,63.72933721726846,-2.7293372172684585,2.7293372172684585
78.4,77.21588585836818,1.1841141416318237,1.1841141416318237
73.0,71.26907854846887,1.730921451531131,1.730921451531131
49.9,59.265282355723684,-9.365282355723686,9.365282355723686
64.4,63.325111447222376,1.0748885527776295,1.0748885527776295
94.3,74.79781311228544,19.502186887714558,19.502186887714558
54.0,64.7280973368262,-10.728097336826195,10.728097336826195
55.3,77.96303465745596,-22.663034657455967,22.663034657455967
81.8,78.35322588591285,3.446774114087148,3.446774114087148
78.1,66.7139998199207,11.386000180079293,11.386000180079293
83.0,74.63221347133833,8.367786528661668,8.367786528661668
59.3,61.2056041448365,-1.9056041448365022,1.9056041448365022
42.8,64.03774205444321,-21.237742054443217,21.237742054443217
72.8,78.73963893371685,-5.93963893371685,5.93963893371685
69.5,57.235173486207316,12.264826513792684,12.264826513792684
52.2,63.84442791218294,-11.644427912182934,11.644427912182934
67.1,72.31635742582166,-5.21635742582167,5.21635742582167
73.5,51.56621228765923,21.933787712340767,21.933787712340767
63.0,69.56746942612783,-6.567469426127829,6.567469426127829
47.8,47.55792239780227,0.24207760219772467,0.24207760219772467
100.0,87.79448032760615,12.205519672393848,12.205519672393848
64.5,59.24498189876417,5.255018101235827,5.255018101235827
50.5,57.70509005227423,-7.20509005227423,7.20509005227423
74.8,73.39046615466097,1.409533845339027,1.409533845339027
85.0,75.4367516944173,9.563248305582704,9.563248305582704
81.1,76.271111328089,4.828888671910988,4.828888671910988
100.0,68.42803110189932,31.57196889810068,31.57196889810068
44.5,62.91879499324479,-18.418794993244788,18.418794993244788
42.4,53.74840033069953,-11.348400330699533,11.348400330699533
91.0,74.19723512614621,16.80276487385379,16.80276487385379
51.4,56.440479994747555,-5.040479994747557,5.040479994747557
100.0,72.75981496313432,27.240185036865682,27.240185036865682
69.1,73.60226082777297,-4.502260827772972,4.502260827772972
81.3,74.0569609526811,7.243039047318902,7.243039047318902
51.8,59.24865445015979,-7.448654450159793,7.448654450159793
45.6,56.93844227114662,-11.338442271146619,11.338442271146619
54.9,54.37013659095967,0.5298634090403311,0.5298634090403311
79.4,68.19024848682037,11.20975151317964,11.20975151317964
70.5,68.87512230656273,1.62487769343727,1.62487769343727
72.2,65.16096367689593,7.039036323104071,7.039036323104071
97.4,79.808140208041,17.59185979195901,17.59185979195901
65.8,62.29608207626213,3.503917923737866,3.503917923737866
37.5,52.80272189637039,-15.302721896370393,15.302721896370393
49.0,55.6885376065296,-6.6885376065296,6.6885376065296
66.1,68.21713608734574,-2.1171360873457417,2.1171360873457417
47.5,65.75826800237328,-18.258268002373285,18.258268002373285
86.3,76.5386468432379,9.761353156762098,9.761353156762098
76.8,72.21122913514156,4.588770864858432,4.588770864858432
71.2,73.84537353284736,-2.6453735328473584,2.6453735328473584
31.1,77.93150996577037,-46.83150996577037,46.83150996577037
64.3,63.92906085530693,0.3709391446930681,0.3709391446930681
67.3,58.80602065652728,8.493979343472716,8.493979343472716
95.8,71.13527100371185,24.664728996288147,24.664728996288147
95.4,71.3638854527034,24.036114547296606,24.036114547296606
65.7,55.27887261015818,10.421127389841821,10.421127389841821
22.5,56.675379963344085,-34.175379963344085,34.175379963344085
93.4,75.23379061633953,18.166209383660473,18.166209383660473
63.9,64.38595343842614,-0.4859534384261437,0.4859534384261437
61.1,73.94168882070804,-12.841688820708036,12.841688820708036
61.5,57.03376174658494,4.466238253415057,4.466238253415057
59.2,65.97218376732161,-6.772183767321607,6.772183767321607
71.8,65.64288854645848,6.157111453541518,6.157111453541518
62.3,61.11851397902524,1.1814860209747593,1.1814860209747593
35.0,51.501168362095065,-16.501168362095065,16.501168362095065
65.2,61.794258738632905,3.4057412613670976,3.4057412613670976
83.6,71.57632934170474,12.02367065829526,12.02367065829526
100.0,68.68021740156055,31.319782598439446,31.319782598439446
72.3,61.52445251290872,10.77554748709128,10.77554748709128
72.0,66.79327764015434,5.2067223598456565,5.2067223598456565
56.3,64.0882428892501,-7.7882428892501,7.7882428892501
78.4,72.7351785926551,5.664821407344903,5.664821407344903
81.2,77.69550142617955,3.504498573820456,3.504498573820456
33.6,51.54647667883656,-17.94647667883656,17.94647667883656
61.4,70.80731056813394,-9.407310568133944,9.407310568133944
88.3,57.968725441456385,30.331274558543612,30.331274558543612
62.8,70.66364793907096,-7.863647939070958,7.863647939070958
61.9,64.49156124807178,-2.591561248071777,2.591561248071777
45.6,52.74950149408185,-7.149501494081846,7.149501494081846
29.2,47.65113828999456,-18.451138289994564,18.451138289994564
78.1,75.77376030434714,2.326239695652859,2.326239695652859
53.0,63.15930957185393,-10.159309571853932,10.159309571853932
51.7,64.39571059019923,-12.695710590199226,12.695710590199226
71.8,70.72846562783698,1.0715343721630148,1.0715343721630148
49.5,49.38797895986292,0.11202104013707981,0.11202104013707981
62.1,71.72280128505288,-9.62280128505288,9.62280128505288
64.1,56.765444664456616,7.334555335543378,7.334555335543378
55.6,59.687396124238944,-4.087396124238943,4.087396124238943
89.5,75.53569772540587,13.964302274594132,13.964302274594132
46.0,51.51502937488883,-5.515029374888833,5.515029374888833
80.7,73.2072623281367,7.49273767186331,7.49273767186331
84.7,77.69675622203513,7.003243777964869,7.003243777964869
64.4,60.57732808148874,3.8226719185112685,3.8226719185112685
55.8,66.4719690706053,-10.6719690706053,10.6719690706053
83.9,69.7198860681734,14.180113931826611,14.180113931826611
49.1,64.5075349624555,-15.407534962455493,15.407534962455493
85.2,64.32774802892251,20.87225197107749,20.87225197107749
58.4,60.03947277853532,-1.6394727785353211,1.6394727785353211
81.8,78.3538505694222,3.4461494305777904,3.4461494305777904
63.0,68.8050306024916,-5.805030602491598,5.805030602491598
46.2,65.33118709431399,-19.131187094313987,19.131187094313987
42.5,57.97909434835841,-15.479094348358409,15.479094348358409
58.4,70.00803562786514,-11.608035627865142,11.608035627865142
80.7,72.93263075215084,7.76736924784916,7.76736924784916
62.6,61.13844034833475,1.4615596516652545,1.4615596516652545
72.8,69.35667400810841,3.4433259918915837,3.4433259918915837
61.0,59.60316234783336,1.3968376521666386,1.3968376521666386
50.9,64.97052572462341,-14.070525724623415,14.070525724623415
99.9,77.23535253483495,22.66464746516506,22.66464746516506
40.7,63.24585525444961,-22.545855254449606,22.545855254449606
49.1,59.37032892287463,-10.270328922874626,10.270328922874626
100.0,65.9971227736622,34.0028772263378,34.0028772263378
50.2,62.757473777983634,-12.557473777983631,12.557473777983631
51.7,61.3015643285395,-9.601564328539496,9.601564328539496
69.0,61.12648357621917,7.873516423780828,7.873516423780828
89.9,82.13135706256124,7.76864293743877,7.76864293743877
64.9,73.5937081764484,-8.693708176448396,8.693708176448396
37.1,57.562831080686465,-20.462831080686463,20.462831080686463
50.7,55.781005211903775,-5.081005211903772,5.081005211903772
71.1,83.40148366128818,-12.301483661288188,12.301483661288188
57.4,61.99602198782566,-4.596021987825658,4.596021987825658
100.0,85.4096257828427,14.590374217157304,14.590374217157304
44.1,63.878236157115204,-19.778236157115202,19.778236157115202
73.6,69.56995845715397,4.030041542846021,4.030041542846021
45.5,55.76147678450619,-10.261476784506193,10.261476784506193
71.8,64.69142728720479,7.108572712795208,7.108572712795208
54.2,59.47623966442269,-5.27623966442269,5.27623966442269
78.6,63.26840619644406,15.331593803555933,15.331593803555933
67.3,72.9516748881246,-5.651674888124603,5.651674888124603
63.6,65.8077803444662,-2.207780344466194,2.207780344466194
60.0,78.81508596087022,-18.81508596087022,18.81508596087022
55.8,60.73662866201745,-4.936628662017455,4.936628662017455
30.4,54.572444019569524,-24.172444019569525,24.172444019569525
64.4,67.19541479684393,-2.7954147968439287,2.7954147968439287
89.7,78.08268442935412,11.617315570645886,11.617315570645886
71.8,67.6944946388605,4.1055053611394925,4.1055053611394925
80.6,71.74149048647092,8.858509513529071,8.858509513529071
78.4,64.42255968882677,13.97744031117324,13.97744031117324
60.4,57.82692902921591,2.5730709707840873,2.5730709707840873
100.0,74.39167129269906,25.60832870730094,25.60832870730094
47.3,54.891902667762736,-7.591902667762739,7.591902667762739
79.7,72.22399912745445,7.476000872545555,7.476000872545555
66.5,61.210957338627715,5.289042661372285,5.289042661372285
72.5,52.597164344320824,19.902835655679176,19.902835655679176
46.4,55.43260233526928,-9.032602335269281,9.032602335269281
89.1,82.77446055464601,6.325539445353982,6.325539445353982
83.0,74.54622666139359,8.45377333860641,8.45377333860641
66.3,64.85556973972521,1.4444302602747854,1.4444302602747854
83.7,64.05412338262359,19.645876617376416,19.645876617376416
83.4,63.67930204642429,19.720697953575716,19.720697953575716
64.2,54.41813853713762,9.78186146286238,9.78186146286238
100.0,72.6982360645373,27.301763935462702,27.301763935462702
69.2,60.70676238378051,8.493237616219496,8.493237616219496
76.5,70.59063869076206,5.909361309237937,5.909361309237937
53.9,71.75676491320928,-17.856764913209282,17.856764913209282
65.8,74.11248624438609,-8.312486244386093,8.312486244386093
78.7,66.97087864813935,11.729121351860655,11.729121351860655
66.4,68.64273106757018,-2.242731067570176,2.242731067570176
67.2,62.559450096638706,4.640549903361297,4.640549903361297
83.2,71.8167733354932,11.383226664506807,11.383226664506807
83.0,67.76556317725637,15.234436822743632,15.234436822743632
69.4,69.43418123795843,-0.03418123795842121,0.03418123795842121
52.6,66.82669072549734,-14.226690725497342,14.226690725497342
63.0,66.88809699560272,-3.888096995602723,3.888096995602723
83.2,71.56396812625408,11.636031873745921,11.636031873745921
74.0,69.0069435337264,4.9930564662736,4.9930564662736
94.8,70.88820786514881,23.911792134851183,23.911792134851183
59.2,54.40098588889391,4.799014111106089,4.799014111106089
38.4,60.29057000755961,-21.89057000755961,21.89057000755961
62.0,57.3494906769101,4.650509323089899,4.650509323089899
34.2,54.8093355756324,-20.6093355756324,20.6093355756324
63.1,67.37000817923447,-4.270008179234473,4.270008179234473
89.4,66.77945942749598,22.620540572504026,22.620540572504026
28.3,52.46212766133128,-24.16212766133128,24.16212766133128
39.5,52.92594284324031,-13.425942843240307,13.425942843240307
84.3,63.977737220918165,20.322262779081832,20.322262779081832
66.4,78.83494302156376,-12.434943021563754,12.434943021563754
98.6,73.50182837304365,25.098171626956344,25.098171626956344
94.9,62.50552704670467,32.394472953295335,32.394472953295335
76.8,76.16875643314994,0.6312435668500598,0.6312435668500598
59.5,71.6770334281405,-12.177033428140504,12.177033428140504
48.3,70.18330638186163,-21.88330638186163,21.88330638186163
72.7,64.36528854072021,8.334711459279788,8.334711459279788
73.0,66.47253886794411,6.52746113205589,6.52746113205589
66.5,79.58171187741752,-13.081711877417519,13.081711877417519
47.5,50.022085741540515,-2.522085741540515,2.522085741540515
60.9,70.84212246294031,-9.942122462940311,9.942122462940311
59.7,59.44459537507041,0.2554046249295894,0.2554046249295894
54.2,64.48971460758375,-10.289714607583747,10.289714607583747
73.4,64.77619393874345,8.623806061256559,8.623806061256559
72.9,71.67779776513196,1.2222022348680497,1.2222022348680497
28.6,49.950885382230496,-21.350885382230494,21.350885382230494
62.2,57.6883149138189,4.511685086181103,4.511685086181103
62.5,71.94070399858545,-9.440703998585448,9.440703998585448
44.3,59.888461098289646,-15.588461098289649,15.588461098289649
33.8,63.535855477428015,-29.735855477428018,29.735855477428018
34.8,45.96662741744229,-11.166627417442292,11.166627417442292
71.9,56.833922424766214,15.066077575233791,15.066077575233791
60.8,64.91874676806779,-4.118746768067794,4.118746768067794
77.5,66.30610536796841,11.193894632031586,11.193894632031586
58.2,58.018363462727244,0.18163653727275886,0.18163653727275886
69.6,73.53269551786319,-3.932695517863195,3.932695517863195
66.1,63.96554307775548,2.1344569222445173,2.1344569222445173
98.2,83.22310837819805,14.976891621801954,14.976891621801954
80.8,76.65870376934433,4.141296230655669,4.141296230655669
51.6,62.86093420682512,-11.26093420682512,11.26093420682512
50.1,57.172897306617244,-7.072897306617243,7.072897306617243
63.8,60.840396741030986,2.959603258969011,2.959603258969011
58.5,55.489223226475794,3.0107767735242064,3.0107767735242064
81.0,70.81247087694896,10.187529123051036,10.187529123051036
97.2,70.76452725483611,26.435472745163892,26.435472745163892
55.2,56.747577977017066,-1.5475779770170632,1.5475779770170632
54.5,59.431702291583704,-4.931702291583704,4.931702291583704
47.4,67.90217156928466,-20.502171569284663,20.502171569284663
100.0,76.59112696915791,23.408873030842088,23.408873030842088
71.4,74.59411267513627,-3.1941126751362674,3.1941126751362674
51.6,58.29662390666979,-6.696623906669785,6.696623906669785
100.0,79.26106682726606,20.738933172733937,20.738933172733937
42.5,62.901744582087225,-20.401744582087225,20.401744582087225
56.8,65.49738988399666,-8.697389883996664,8.697389883996664
25.6,64.97804815783083,-39.378048157830825,39.378048157830825
74.9,66.17077380415702,8.729226195842983,8.729226195842983
55.0,56.82919475089375,-1.8291947508937483,1.8291947508937483
65.9,75.54077244968373,-9.640772449683723,9.640772449683723
75.9,64.37738899219329,11.522611007806717,11.522611007806717
41.0,69.10438816760164,-28.10438816760164,28.10438816760164
93.8,74.0889381284278,19.7110618715722,19.7110618715722
48.4,61.069671843314964,-12.669671843314966,12.669671843314966
53.7,55.425636050722304,-1.7256360507223008,1.7256360507223008
51.0,63.346750577233195,-12.346750577233195,12.346750577233195
30.4,50.751529012046895,-20.351529012046896,20.351529012046896
55.8,64.72740957351517,-8.927409573515177,8.927409573515177
88.8,85.23096246115655,3.569037538843446,3.569037538843446
83.7,72.05912681611548,11.640873183884523,11.640873183884523
61.5,51.411078936664296,10.088921063335704,10.088921063335704
73.7,61.61719506027863,12.08280493972137,12.08280493972137
48.7,56.54614874323041,-7.846148743230408,7.846148743230408
57.8,62.72307086625182,-4.92307086625182,4.92307086625182
95.0,80.90823914356876,14.091760856431236,14.091760856431236
76.2,60.02148537061315,16.178514629386854,16.178514629386854
80.4,69.0403265435004,11.359673456499607,11.359673456499607
94.6,66.97706295474217,27.622937045257828,27.622937045257828
67.3,72.34329258953186,-5.043292589531859,5.043292589531859
42.8,53.89992454126209,-11.09992454126209,11.09992454126209
96.4,72.89023645865174,23.509763541348264,23.509763541348264
46.8,55.93362563626929,-9.133625636269294,9.133625636269294
76.6,70.05458225699383,6.545417743006169,6.545417743006169
58.8,57.67712161576569,1.1228783842343049,1.1228783842343049
43.9,64.07641793548865,-20.17641793548865,20.17641793548865
59.5,63.65700890830988,-4.1570089083098765,4.1570089083098765
82.5,72.19319416464829,10.30680583535171,10.30680583535171
58.2,71.7450211751203,-13.545021175120297,13.545021175120297
64.2,60.367857908773296,3.8321420912267072,3.8321420912267072
82.5,67.33905556201222,15.16094443798778,15.16094443798778
60.5,67.70069922822128,-7.200699228221282,7.200699228221282
46.2,66.63879357286032,-20.43879357286032,20.43879357286032
45.3,65.60403226776012,-20.30403226776012,20.30403226776012
68.7,73.62050990326884,-4.920509903268837,4.920509903268837
53.3,59.61421570928286,-6.314215709282863,6.314215709282863
68.7,63.0051708491353,5.694829150864706,5.694829150864706
56.6,58.34252765592758,-1.7425276559275815,1.7425276559275815
58.9,62.78277196329683,-3.8827719632968325,3.8827719632968325
88.9,73.99650343347801,14.903496566521994,14.903496566521994
73.0,63.96918316078349,9.030816839216513,9.030816839216513
51.2,59.510821895626194,-8.31082189562619,8.31082189562619
81.8,67.92413620201451,13.875863797985488,13.875863797985488
47.5,53.40545583861719,-5.905455838617193,5.905455838617193
91.3,83.2462734406608,8.053726559339196,8.053726559339196
78.9,67.5894701965809,11.3105298034191,11.3105298034191
45.0,55.08165413704114,-10.081654137041141,10.081654137041141
82.7,64.09764486063861,18.602355139361393,18.602355139361393
70.5,66.6096361657453,3.8903638342547,3.8903638342547
65.8,72.61235894280146,-6.812358942801467,6.812358942801467
65.9,51.52615530481036,14.373844695189646,14.373844695189646
80.9,68.27543083557283,12.624569164427172,12.624569164427172
32.1,49.975160637053335,-17.875160637053334,17.875160637053334
69.8,56.94696753491449,12.853032465085505,12.853032465085505
45.1,50.19459888765813,-5.09459888765813,5.09459888765813
73.4,64.32286694256683,9.077133057433173,9.077133057433173
85.3,57.300480242810636,27.99951975718936,27.99951975718936
52.2,61.299236243910684,-9.099236243910681,9.099236243910681
94.0,76.58879603028383,17.41120396971617,17.41120396971617
77.1,67.73761404818882,9.362385951811177,9.362385951811177
46.7,58.54445455927015,-11.844454559270147,11.844454559270147
62.3,60.159751444918186,2.1402485550818113,2.1402485550818113
64.5,63.89200345185717,0.6079965481428289,0.6079965481428289
86.9,70.36647552349196,16.53352447650805,16.53352447650805
77.4,72.27728116325422,5.12271883674579,5.12271883674579
34.9,58.28571331971261,-23.385713319712615,23.385713319712615
63.0,75.77251800492357,-12.772518004923569,12.772518004923569
81.7,80.21455784699,1.4854421530099984,1.4854421530099984
43.9,50.31590241411877,-6.415902414118769,6.415902414118769
67.6,63.56911647671652,4.030883523283471,4.030883523283471
78.0,75.49689351131723,2.503106488682775,2.503106488682775
80.2,62.55650786716067,17.643492132839334,17.643492132839334
56.6,55.071099791955234,1.5289002080447673,1.5289002080447673
98.6,64.04491130100796,34.55508869899204,34.55508869899204
67.0,60.87420690724156,6.1257930927584425,6.1257930927584425
66.4,53.05931081625995,13.340689183740054,13.340689183740054
65.5,77.18603672762228,-11.68603672762228,11.68603672762228
61.0,68.73125915681456,-7.731259156814559,7.731259156814559
74.6,84.60202702723299,-10.002027027232998,10.002027027232998
70.8,60.30274043504146,10.49725956495854,10.49725956495854
39.4,60.57103630506964,-21.17103630506964,21.17103630506964
43.3,64.7789401291705,-21.478940129170496,21.478940129170496
87.1,85.5514718454673,1.5485281545326899,1.5485281545326899
98.1,71.23533755959706,26.864662440402938,26.864662440402938
72.0,61.78752077025466,10.212479229745341,10.212479229745341
54.9,65.94029882358883,-11.040298823588834,11.040298823588834
61.3,67.32773281598902,-6.027732815989026,6.027732815989026
56.2,61.921280231572766,-5.721280231572763,5.721280231572763
68.7,63.28908025368933,5.410919746310675,5.410919746310675
59.9,63.913364756474394,-4.013364756474395,4.013364756474395
100.0,76.66239510449631,23.337604895503688,23.337604895503688
75.7,74.86990927938206,0.830090720617946,0.830090720617946
50.8,66.35881546008979,-15.55881546008979,15.55881546008979
41.1,62.38806715102014,-21.288067151020137,21.288067151020137
77.3,71.75549087223467,5.544509127765323,5.544509127765323
42.9,59.37088508786256,-16.470885087862563,16.470885087862563
72.1,71.89219377304921,0.20780622695077966,0.20780622695077966
51.6,59.42150977064601,-7.82150977064601,7.82150977064601
75.7,80.87900240106325,-5.179002401063244,5.179002401063244
86.8,65.9692472496429,20.830752750357092,20.830752750357092
87.7,65.23836632258863,22.46163367741137,22.46163367741137
57.7,57.76234634822026,-0.06234634822025953,0.06234634822025953
52.9,46.73232859522219,6.167671404777806,6.167671404777806
48.3,56.13187496054793,-7.831874960547935,7.831874960547935
66.7,60.28228736408073,6.417712635919273,6.417712635919273
54.8,62.56202842479977,-7.762028424799773,7.762028424799773
79.3,65.40071787723164,13.899282122768355,13.899282122768355
60.1,70.06456169889987,-9.964561698899864,9.964561698899864
63.1,56.60840301522218,6.491596984777821,6.491596984777821
43.8,50.705418964783355,-6.905418964783358,6.905418964783358
62.2,53.33572415233736,8.86427584766264,8.86427584766264
47.9,58.60243812482404,-10.702438124824042,10.702438124824042
43.7,61.98549837521337,-18.285498375213365,18.285498375213365
45.2,60.56995827983248,-15.369958279832474,15.369958279832474
47.9,72.3504771231427,-24.450477123142697,24.450477123142697
88.3,75.07923204678389,13.22076795321611,13.22076795321611
46.3,51.835647502731625,-5.535647502731628,5.535647502731628
62.2,68.29673172982777,-6.096731729827766,6.096731729827766
64.3,60.01069742234597,4.289302577654027,4.289302577654027
73.4,65.54230331704728,7.857696682952721,7.857696682952721
49.6,63.30807154656135,-13.70807154656135,13.70807154656135
59.6,52.81407203571248,6.785927964287524,6.785927964287524
60.4,76.22045199711128,-15.820451997111284,15.820451997111284
34.2,53.492563990566815,-19.292563990566812,19.292563990566812
52.7,51.4382649025752,1.261735097424804,1.261735097424804
46.6,61.34829905198201,-14.74829905198201,14.74829905198201
61.3,62.3185176787798,-1.0185176787798014,1.0185176787798014
53.2,63.49127361389245,-10.29127361389245,10.29127361389245
69.2,61.666792369557996,7.533207630442007,7.533207630442007
61.8,61.744292755374886,0.05570724462511123,0.05570724462511123
75.4,64.10213620185905,11.297863798140952,11.297863798140952
30.9,54.03694831550003,-23.136948315500028,23.136948315500028
51.8,58.57140646725444,-6.771406467254444,6.771406467254444
46.4,52.00764350638631,-5.60764350638631,5.60764350638631
62.3,61.36159268437452,0.9384073156254757,0.9384073156254757
44.5,66.23475908204287,-21.73475908204287,21.73475908204287
68.9,62.7129842936306,6.187015706369408,6.187015706369408
71.9,60.339218145386226,11.56078185461378,11.56078185461378
52.4,66.18942393879423,-13.789423938794236,13.789423938794236
71.2,75.19108574191095,-3.9910857419109504,3.9910857419109504
50.7,61.78975265910866,-11.089752659108655,11.089752659108655
93.4,66.3468510060045,27.053148993995507,27.053148993995507
100.0,64.97614165320749,35.02385834679251,35.02385834679251
99.0,75.35861958991589,23.64138041008411,23.64138041008411
74.7,61.62130420333044,13.078695796669564,13.078695796669564
58.3,68.02933873116092,-9.729338731160922,9.729338731160922
23.7,49.85231654432427,-26.152316544324268,26.152316544324268
41.7,62.60375351341389,-20.90375351341389,20.90375351341389
93.5,75.41445985696797,18.085540143032034,18.085540143032034
53.7,52.37441125598817,1.3255887440118315,1.3255887440118315
40.4,68.19497598383262,-27.79497598383262,27.79497598383262
53.8,65.48973580384742,-11.689735803847427,11.689735803847427
76.2,72.67653481538919,3.5234651846108136,3.5234651846108136
66.2,74.06176633175824,-7.861766331758233,7.861766331758233
55.8,58.81560623879828,-3.0156062387982843,3.0156062387982843
36.9,50.56733300876037,-13.667333008760373,13.667333008760373
38.8,45.81550805396493,-7.015508053964936,7.015508053964936
84.9,64.16573421661057,20.734265783389432,20.734265783389432
37.2,56.100539301622554,-18.90053930162255,18.90053930162255
73.4,56.628616947349805,16.7713830526502,16.7713830526502
49.3,54.121711893300336,-4.821711893300339,4.821711893300339
65.7,73.16145288465137,-7.461452884651365,7.461452884651365
39.9,56.81967896829972,-16.91967896829972,16.91967896829972
45.1,60.44212413086867,-15.342124130868669,15.342124130868669
95.6,74.57602677031633,21.023973229683662,21.023973229683662
50.9,75.73378539481095,-24.833785394810953,24.833785394810953
82.8,72.79418575937882,10.005814240621177,10.005814240621177
37.0,65.69874943819403,-28.698749438194028,28.698749438194028
71.2,60.152944086644695,11.047055913355308,11.047055913355308
36.8,57.18062949882138,-20.380629498821385,20.380629498821385
62.5,65.59605353586099,-3.096053535860989,3.096053535860989
58.6,54.48438996124139,4.115610038758611,4.115610038758611
48.2,59.66043105423908,-11.46043105423908,11.46043105423908
38.6,46.7356028983741,-8.135602898374096,8.135602898374096
67.0,65.2038092505722,1.7961907494277938,1.7961907494277938
77.8,64.96987397920994,12.830126020790061,12.830126020790061
80.2,78.87440744578291,1.3255925542170957,1.3255925542170957
91.4,66.86972628175394,24.530273718246065,24.530273718246065
66.6,67.7505086593993,-1.150508659399307,1.150508659399307
81.4,63.2614397966712,18.138560203328808,18.138560203328808
84.6,65.61294178890333,18.987058211096667,18.987058211096667
56.8,68.2223275544869,-11.422327554486898,11.422327554486898
56.7,67.97491815198006,-11.27491815198006,11.27491815198006
65.4,72.23232949372336,-6.83232949372335,6.83232949372335
31.5,52.58447778948285,-21.084477789482847,21.084477789482847
45.1,63.80429359957524,-18.704293599575237,18.704293599575237
44.2,63.6198022490443,-19.419802249044295,19.419802249044295
87.8,60.30854852379167,27.491451476208326,27.491451476208326
100.0,76.92833020751829,23.071669792481714,23.071669792481714
48.7,58.328114419701215,-9.628114419701213,9.628114419701213
89.7,70.3807073046435,19.31929269535651,19.31929269535651
79.1,71.49355392263371,7.606446077366286,7.606446077366286
51.1,58.555232455366784,-7.455232455366783,7.455232455366783
69.4,66.98920001669316,2.4107999833068448,2.4107999833068448
65.8,68.61873671086633,-2.8187367108663324,2.8187367108663324
73.1,73.21438352550237,-0.11438352550237596,0.11438352550237596
81.9,65.30052255862739,16.599477441372613,16.599477441372613
54.7,63.72058932617083,-9.020589326170828,9.020589326170828
55.3,62.910374609991024,-7.610374609991027,7.610374609991027
60.0,51.02739366990463,8.972606330095367,8.972606330095367
53.6,51.69168810880102,1.9083118911989843,1.9083118911989843
77.4,73.70740504068627,3.6925949593137375,3.6925949593137375
66.0,67.75591511561774,-1.7559151156177393,1.7559151156177393
41.8,66.59879837707727,-24.798798377077276,24.798798377077276
79.0,66.85615990980531,12.143840090194686,12.143840090194686
59.8,77.49834670311196,-17.698346703111966,17.698346703111966
94.1,76.2236785985033,17.876321401496696,17.876321401496696
55.5,60.537161865312825,-5.037161865312825,5.037161865312825
56.0,54.99542342219958,1.004576577800421,1.004576577800421
100.0,73.26665567672214,26.733344323277862,26.733344323277862
51.9,75.25514289919343,-23.35514289919343,23.35514289919343
39.2,60.93184402473114,-21.73184402473114,21.73184402473114
70.1,60.86015659278727,9.239843407212724,9.239843407212724
62.0,67.86161484039305,-5.861614840393045,5.861614840393045
74.6,72.62150447790609,1.9784955220939082,1.9784955220939082
89.1,54.119989889316386,34.98001011068361,34.98001011068361
66.1,55.894529005666094,10.2054709943339,10.2054709943339
73.8,68.99004342911867,4.809956570881326,4.809956570881326
58.3,62.50196952400239,-4.2019695240023935,4.2019695240023935
69.9,62.523901222773034,7.3760987772269715,7.3760987772269715
59.7,68.72167656274287,-9.021676562742869,9.021676562742869
74.0,62.54015382006006,11.459846179939937,11.459846179939937
88.7,84.40818896639247,4.29181103360753,4.29181103360753
33.4,65.14553096058509,-31.745530960585093,31.745530960585093
67.3,59.85318973881685,7.4468102611831455,7.4468102611831455
51.8,69.93042985023347,-18.13042985023347,18.13042985023347
83.0,84.36885762152198,-1.3688576215219825,1.3688576215219825
65.2,69.59083789627262,-4.390837896272615,4.390837896272615
57.0,60.15481622239272,-3.154816222392718,3.154816222392718
100.0,88.54567971270333,11.454320287296667,11.454320287296667
58.9,64.07171794558653,-5.171717945586529,5.171717945586529
92.3,74.98816335632966,17.311836643670333,17.311836643670333
47.8,55.71822927802249,-7.918229278022494,7.918229278022494
76.0,61.1743526827975,14.825647317202503,14.825647317202503
55.3,63.19093704185633,-7.890937041856333,7.890937041856333
48.4,63.03628851694835,-14.636288516948355,14.636288516948355
49.9,70.8861479687524,-20.986147968752398,20.986147968752398
33.4,61.111360627207034,-27.711360627207036,27.711360627207036
75.0,63.322313072976556,11.677686927023444,11.677686927023444
85.1,79.44001927442592,5.659980725574073,5.659980725574073
80.1,61.76879377757168,18.331206222428314,18.331206222428314
61.2,68.55557946275148,-7.355579462751479,7.355579462751479
65.1,67.89460407195261,-2.7946040719526195,2.7946040719526195
71.6,80.15301268209217,-8.553012682092174,8.553012682092174
78.1,72.79014400189536,5.309855998104638,5.309855998104638
99.1,70.00107413878509,29.09892586121491,29.09892586121491
71.6,63.717908780758535,7.88209121924146,7.88209121924146
61.7,69.90385356167754,-8.203853561677533,8.203853561677533
77.1,73.20758757117248,3.8924124288275124,3.8924124288275124
55.4,75.37900361462749,-19.979003614627494,19.979003614627494
64.5,65.20256322631224,-0.7025632263122361,0.7025632263122361
52.5,55.211918484706,-2.711918484705997,2.711918484705997
54.7,69.03600343821509,-14.336003438215087,14.336003438215087
94.9,68.63025682407871,26.269743175921292,26.269743175921292
66.8,60.96338370618181,5.836616293818189,5.836616293818189
55.6,56.38737481758328,-0.7873748175832773,0.7873748175832773
64.4,70.81711372789462,-6.417113727894616,6.417113727894616
82.0,69.70661040504676,12.29338959495324,12.29338959495324
77.9,63.90058312509008,13.999416874909926,13.999416874909926
68.3,73.48104768509856,-5.181047685098562,5.181047685098562
62.9,65.10534861356442,-2.205348613564418,2.205348613564418
74.2,56.88905361254833,17.310946387451672,17.310946387451672
79.6,55.14551670079934,24.454483299200653,24.454483299200653
79.9,71.79502056666436,8.104979433335643,8.104979433335643
58.0,61.29663149249397,-3.2966314924939724,3.2966314924939724
53.3,60.29011920563047,-6.990119205630471,6.990119205630471
46.2,61.54933073867246,-15.349330738672457,15.349330738672457
46.7,49.678598030788734,-2.9785980307887314,2.9785980307887314
74.4,83.42007379549585,-9.020073795495847,9.020073795495847
100.0,80.82304556861484,19.176954431385155,19.176954431385155
55.9,65.96412692996694,-10.064126929966939,10.064126929966939
83.3,64.05384284318976,19.24615715681024,19.24615715681024
65.9,62.17208523419566,3.727914765804343,3.727914765804343
77.2,53.630100869172644,23.56989913082736,23.56989913082736
100.0,83.03248011889895,16.967519881101055,16.967519881101055
74.0,73.69241785574675,0.3075821442532458,0.3075821442532458
29.5,53.27528205620761,-23.775282056207608,23.775282056207608
93.8,76.84145554175028,16.95854445824972,16.95854445824972
100.0,73.33085012911108,26.669149870888916,26.669149870888916
50.3,58.72395631136396,-8.423956311363966,8.423956311363966
82.4,63.553422012569044,18.846577987430962,18.846577987430962
92.6,87.35664089175134,5.243359108248654,5.243359108248654
55.9,70.06006014701379,-14.160060147013787,14.160060147013787
64.1,58.51749880102748,5.5825011989725155,5.5825011989725155
68.9,68.03164848549076,0.8683515145092429,0.8683515145092429
62.3,53.560339540895754,8.739660459104243,8.739660459104243
62.5,60.01857156630907,2.4814284336909296,2.4814284336909296
38.9,48.63330690638485,-9.733306906384854,9.733306906384854
100.0,76.21710951734096,23.78289048265904,23.78289048265904
29.6,51.39559852842181,-21.795598528421806,21.795598528421806
72.0,64.95789486562833,7.042105134371667,7.042105134371667
52.8,62.40802893139589,-9.608028931395893,9.608028931395893
61.3,64.47414274983285,-3.1741427498328534,3.1741427498328534
80.3,74.35958550268347,5.9404144973165245,5.9404144973165245
40.5,57.06452962541969,-16.564529625419688,16.564529625419688
55.8,55.45982390134763,0.3401760986523641,0.3401760986523641
65.0,58.448002214440955,6.551997785559045,6.551997785559045
73.0,67.13046561778171,5.869534382218291,5.869534382218291
56.2,56.37831386006204,-0.17831386006204042,0.17831386006204042
60.9,60.68265638957352,0.2173436104264752,0.2173436104264752
46.6,68.49334253043483,-21.89334253043483,21.89334253043483
62.9,68.15140063659274,-5.2514006365927415,5.2514006365927415
59.0,62.94575387376599,-3.9457538737659874,3.9457538737659874
51.1,63.249926438170995,-12.149926438170993,12.149926438170993
36.9,48.60434028630323,-11.704340286303228,11.704340286303228
71.8,69.68288743829382,2.117112561706179,2.117112561706179
45.2,50.98028791592715,-5.780287915927147,5.780287915927147
53.1,67.89889557377487,-14.798895573774864,14.798895573774864
98.1,83.33159891004307,14.768401089956924,14.768401089956924
55.7,63.79700150900825,-8.097001509008244,8.097001509008244
69.7,69.49728018096553,0.20271981903447056,0.20271981903447056
70.3,70.09155018013132,0.20844981986867595,0.20844981986867595
31.2,60.727606866150005,-29.527606866150006,29.527606866150006
46.6,55.630097036181986,-9.030097036181985,9.030097036181985
72.5,58.14999350883081,14.35000649116919,14.35000649116919
63.1,62.067062031163644,1.0329379688363574,1.0329379688363574
72.4,73.72822819591288,-1.328228195912871,1.328228195912871
79.0,68.77583996389134,10.224160036108657,10.224160036108657
62.6,63.72547542353715,-1.1254754235371465,1.1254754235371465
99.3,75.69132684644329,23.60867315355671,23.60867315355671
50.8,57.56859237615156,-6.76859237615156,6.76859237615156
63.0,62.55530258658513,0.4446974134148718,0.4446974134148718
80.0,81.06437449986933,-1.0643744998693307,1.0643744998693307
66.9,74.04995056629697,-7.149950566296965,7.149950566296965
50.7,60.96636942657599,-10.266369426575984,10.266369426575984
48.6,52.98325956299359,-4.383259562993587,4.383259562993587
75.4,70.74825132342181,4.651748676578194,4.651748676578194
100.0,85.23425471501301,14.765745284986991,14.765745284986991
58.0,68.12874355692104,-10.128743556921037,10.128743556921037
70.9,72.89561600194283,-1.995616001942821,1.995616001942821
74.6,78.92432155082098,-4.324321550820983,4.324321550820983
58.6,71.57508241801143,-12.975082418011432,12.975082418011432
59.3,61.619017654849394,-2.3190176548493966,2.3190176548493966
86.1,72.70854137741077,13.391458622589226,13.391458622589226
85.0,68.7370744033274,16.262925596672602,16.262925596672602
84.8,70.71359265151938,14.08640734848062,14.08640734848062
37.8,52.991729596690185,-15.191729596690188,15.191729596690188
38.1,52.39723271753337,-14.297232717533369,14.297232717533369
46.9,52.08140749891631,-5.181407498916315,5.181407498916315
74.6,77.96171098669602,-3.361710986696025,3.361710986696025
59.4,65.97204571891118,-6.572045718911177,6.572045718911177
42.2,57.868397681124314,-15.668397681124311,15.668397681124311
67.9,66.22923038648233,1.6707696135176775,1.6707696135176775
55.9,58.829635315369615,-2.929635315369616,2.929635315369616
71.6,65.96421055858568,5.6357894414143175,5.6357894414143175
65.8,72.80313794567583,-7.003137945675832,7.003137945675832
73.6,50.103371749059534,23.49662825094046,23.49662825094046
78.6,85.06322675278024,-6.463226752780244,6.463226752780244
58.7,68.18592969205079,-9.485929692050789,9.485929692050789
47.3,57.89187212502289,-10.591872125022896,10.591872125022896
75.5,74.0171614584083,1.482838541591704,1.482838541591704
49.7,67.98204670942826,-18.282046709428258,18.282046709428258
54.7,54.14632568364109,0.5536743163589151,0.5536743163589151
46.1,58.10995320227973,-12.009953202279732,12.009953202279732
77.4,70.62002921492885,6.779970785071157,6.779970785071157
49.4,61.382681929641635,-11.982681929641636,11.982681929641636
30.9,60.05913694947403,-29.159136949474032,29.159136949474032
49.3,55.38515587491107,-6.085155874911074,6.085155874911074
65.6,72.6342429760327,-7.034242976032701,7.034242976032701
30.7,53.16175337441248,-22.461753374412478,22.461753374412478
48.3,59.52540958160465,-11.225409581604652,11.225409581604652
94.4,89.5364366352168,4.863563364783204,4.863563364783204
88.5,70.53361120801047,17.96638879198953,17.96638879198953
74.5,68.064752460112,6.435247539887996,6.435247539887996
27.7,51.30536477332023,-23.60536477332023,23.60536477332023
88.4,70.83661197437876,17.56338802562125,17.56338802562125
48.7,56.45526697051314,-7.755266970513134,7.755266970513134
66.6,60.76662795336633,5.833372046633663,5.833372046633663
81.3,74.95105053957992,6.348949460420073,6.348949460420073
89.5,80.91721795526172,8.58278204473828,8.58278204473828
41.9,70.41516737043645,-28.51516737043645,28.51516737043645
55.4,51.09855845843859,4.30144154156141,4.30144154156141
73.6,59.96658388021522,13.633416119784776,13.633416119784776
72.1,78.97963347948729,-6.879633479487296,6.879633479487296
36.1,59.41689389175333,-23.31689389175333,23.31689389175333
96.7,79.39990237658219,17.300097623417813,17.300097623417813
29.2,55.44902305800167,-26.249023058001672,26.249023058001672
99.7,89.52970236086375,10.170297639136251,10.170297639136251
76.0,67.51627739738989,8.483722602610115,8.483722602610115
48.6,77.234869677695,-28.634869677695,28.634869677695
70.4,66.82077753844314,3.579222461556867,3.579222461556867
95.7,73.13164888231624,22.56835111768376,22.56835111768376
56.7,63.29116864348521,-6.591168643485204,6.591168643485204
54.0,66.01368800347345,-12.013688003473447,12.013688003473447
82.9,83.73206623435789,-0.8320662343578817,0.8320662343578817
53.7,62.26439144463213,-8.564391444632129,8.564391444632129
66.0,56.8418776045544,9.158122395445602,9.158122395445602
71.2,66.18169287661848,5.018307123381518,5.018307123381518
70.1,65.49100696509667,4.608993034903321,4.608993034903321
66.7,53.4231447574947,13.276855242505306,13.276855242505306
95.8,78.80324716917912,16.99675283082088,16.99675283082088
38.8,61.43366842375207,-22.63366842375207,22.63366842375207
79.9,67.99018074197471,11.909819258025294,11.909819258025294
81.6,57.49012981466667,24.10987018533332,24.10987018533332
59.1,71.99934199113254,-12.899341991132538,12.899341991132538
57.4,65.27845802826283,-7.878458028262834,7.878458028262834
34.3,56.73696858587145,-22.436968585871455,22.436968585871455
68.5,69.31314763232635,-0.8131476323263485,0.8131476323263485
87.1,71.8110873975773,15.288912602422698,15.288912602422698
34.1,49.51730575764207,-15.417305757642069,15.417305757642069
86.0,82.14291504453425,3.8570849554657514,3.8570849554657514
61.6,56.76178745892156,4.838212541078441,4.838212541078441
64.6,65.5282731431329,-0.9282731431329125,0.9282731431329125
31.7,68.16070453564632,-36.460704535646315,36.460704535646315
63.7,65.1480314861871,-1.4480314861870909,1.4480314861870909
68.1,63.798887707276364,4.30111229272363,4.30111229272363
58.5,59.346533562491004,-0.846533562491004,0.846533562491004
81.1,64.50927233431112,16.590727665688874,16.590727665688874
84.6,72.8586969683757,11.741303031624298,11.741303031624298
77.7,67.15450323708237,10.545496762917637,10.545496762917637
72.7,67.95430742217297,4.745692577827029,4.745692577827029
69.2,83.34115328988813,-14.141153289888123,14.141153289888123
68.8,53.023789531745386,15.776210468254611,15.776210468254611
56.6,57.71327311572168,-1.1132731157216753,1.1132731157216753
79.6,74.96681076414077,4.63318923585922,4.63318923585922
87.8,77.60432210510771,10.195677894892285,10.195677894892285
60.6,61.195166562098606,-0.5951665620986049,0.5951665620986049
54.3,57.361768802617895,-3.061768802617898,3.061768802617898
83.1,77.80674797235356,5.293252027646432,5.293252027646432
43.5,65.21767384760301,-21.71767384760301,21.71767384760301
78.3,63.74157743382234,14.558422566177654,14.558422566177654
55.3,55.7300595841265,-0.4300595841265036,0.4300595841265036
71.3,62.86017879160253,8.439821208397468,8.439821208397468
71.5,63.19988588604264,8.300114113957363,8.300114113957363
70.2,80.65439039186067,-10.45439039186067,10.45439039186067
94.0,78.12500010437269,15.874999895627312,15.874999895627312
78.3,72.59796986676704,5.702030133232952,5.702030133232952
80.8,69.70535082674112,11.094649173258873,11.094649173258873
73.1,57.507211064325645,15.59278893567435,15.59278893567435
58.3,66.62827139035126,-8.328271390351262,8.328271390351262
84.4,69.56682607638814,14.833173923611866,14.833173923611866
80.2,79.84669776014093,0.35330223985907594,0.35330223985907594
64.3,59.77755844662789,4.522441553372104,4.522441553372104
67.9,61.61832132076448,6.281678679235526,6.281678679235526
75.9,59.62445556025629,16.27554443974372,16.27554443974372
69.5,52.722980971785546,16.777019028214454,16.777019028214454
52.6,60.61657043336768,-8.016570433367676,8.016570433367676
63.3,59.28475408958536,4.0152459104146345,4.0152459104146345
46.3,53.485709564135526,-7.185709564135529,7.185709564135529
49.1,70.36904939523444,-21.26904939523444,21.26904939523444
59.0,61.30606286306452,-2.3060628630645184,2.3060628630645184
79.9,67.99371696410608,11.906283035893921,11.906283035893921
64.9,57.008794514407484,7.891205485592522,7.891205485592522
57.7,68.02098648352785,-10.320986483527847,10.320986483527847
9.4,61.00163130946619,-51.60163130946619,51.60163130946619
74.1,70.45766973100032,3.6423302689996717,3.6423302689996717
40.8,57.01579679110995,-16.215796791109952,16.215796791109952
87.3,60.74293104395872,26.557068956041277,26.557068956041277
70.9,73.67745393948265,-2.7774539394826405,2.7774539394826405
88.7,71.76847936446951,16.93152063553049,16.93152063553049
56.9,82.9781732324511,-26.0781732324511,26.0781732324511
69.0,71.10078793140201,-2.10078793140201,2.10078793140201
58.9,74.62290651826214,-15.722906518262143,15.722906518262143
38.1,51.37259760360121,-13.272597603601206,13.272597603601206
38.6,53.72396214065277,-15.123962140652772,15.123962140652772
75.0,67.81256212957305,7.1874378704269475,7.1874378704269475
64.9,58.674250801919946,6.225749198080059,6.225749198080059
73.9,63.438645441728184,10.461354558271822,10.461354558271822
58.8,63.767733786698535,-4.967733786698538,4.967733786698538
58.1,62.3198485287725,-4.219848528772502,4.219848528772502
33.7,64.01842186198753,-30.31842186198753,30.31842186198753
35.3,68.7693134299056,-33.4693134299056,33.4693134299056
55.9,56.20873234384118,-0.30873234384117865,0.30873234384117865
48.5,50.90802559258677,-2.4080255925867675,2.4080255925867675
40.4,62.8158294313112,-22.415829431311202,22.415829431311202
100.0,73.9857899438261,26.014210056173894,26.014210056173894
97.5,80.37778628370663,17.122213716293373,17.122213716293373
52.3,62.61492580400418,-10.314925804004183,10.314925804004183
84.6,76.55802412079967,8.041975879200322,8.041975879200322
76.6,62.44344951657316,14.156550483426834,14.156550483426834
87.1,69.18135913161517,17.918640868384827,17.918640868384827
71.7,69.44574941188729,2.2542505881127113,2.2542505881127113
89.9,60.31481815818228,29.58518184181773,29.58518184181773
80.9,58.94046752703198,21.95953247296803,21.95953247296803
67.5,60.91860855643961,6.581391443560392,6.581391443560392
45.3,77.55250707721258,-32.252507077212584,32.252507077212584
74.0,66.43385891562389,7.566141084376113,7.566141084376113
48.8,58.065266916525275,-9.265266916525277,9.265266916525277
61.0,62.38462961354386,-1.3846296135438578,1.3846296135438578
51.1,65.36179484722659,-14.26179484722659,14.26179484722659
64.8,59.903685471229664,4.896314528770333,4.896314528770333
72.9,59.1403784284386,13.759621571561404,13.759621571561404
50.7,59.87686574325927,-9.17686574325927,9.17686574325927
81.3,64.0014499074026,17.298550092597395,17.298550092597395
41.5,48.69491117594073,-7.194911175940732,7.194911175940732
47.9,71.36168799795107,-23.461687997951067,23.461687997951067
61.6,59.5497828396611,2.050217160338903,2.050217160338903
100.0,81.79586057907247,18.204139420927532,18.204139420927532
60.2,61.00734240248143,-0.8073424024814244,0.8073424024814244
68.0,63.32419438254269,4.675805617457307,4.675805617457307
50.5,66.9863625951259,-16.486362595125897,16.486362595125897
79.9,77.82430591185698,2.075694088143024,2.075694088143024
58.1,57.93995109765596,0.16004890234404456,0.16004890234404456
63.1,60.730848661560195,2.3691513384398064,2.3691513384398064
58.9,65.08194674184305,-6.181946741843056,6.181946741843056
55.7,54.43486466167569,1.2651353383243134,1.2651353383243134
66.9,70.01357865437657,-3.1135786543765676,3.1135786543765676
41.7,54.91914002934546,-13.21914002934546,13.21914002934546
71.5,67.83584512958318,3.664154870416823,3.664154870416823
65.1,73.18124220199726,-8.08124220199727,8.08124220199727
55.3,63.1937181020203,-7.893718102020301,7.893718102020301
91.3,70.5125186555937,20.787481344406302,20.787481344406302
100.0,68.04380594598037,31.956194054019633,31.956194054019633
64.9,56.245882568213084,8.654117431786922,8.654117431786922
40.1,79.2094066031721,-39.1094066031721,39.1094066031721
100.0,81.69091061629126,18.309089383708738,18.309089383708738
47.0,57.75181653428048,-10.75181653428048,10.75181653428048
90.4,72.12631743381874,18.273682566181265,18.273682566181265
58.4,66.88086166743527,-8.48086166743527,8.48086166743527
78.1,69.93668460217683,8.163315397823169,8.163315397823169
73.8,78.90364950257266,-5.103649502572665,5.103649502572665
53.9,56.58797953186038,-2.6879795318603783,2.6879795318603783
67.1,63.109802455057924,3.9901975449420704,3.9901975449420704
62.2,65.88777609514345,-3.687776095143448,3.687776095143448
45.5,53.14369422674257,-7.643694226742568,7.643694226742568
53.3,70.30612458445312,-17.00612458445312,17.00612458445312
85.6,65.455720238758,20.14427976124199,20.14427976124199
59.0,73.47744072114236,-14.477440721142358,14.477440721142358
63.6,70.54757967836836,-6.947579678368363,6.947579678368363
56.9,62.44351627329662,-5.543516273296625,5.543516273296625
60.1,67.361801002129,-7.261801002128998,7.261801002128998
100.0,77.26386031927913,22.736139680720868,22.736139680720868
56.9,55.83815712396607,1.0618428760339285,1.0618428760339285
100.0,87.6542608375383,12.345739162461697,12.345739162461697
82.2,63.04392735989438,19.15607264010562,19.15607264010562
77.6,69.1646794171713,8.435320582828695,8.435320582828695
81.8,55.077581330374905,26.722418669625092,26.722418669625092
80.9,72.58968151390344,8.310318486096563,8.310318486096563
67.5,65.22338312724092,2.276616872759078,2.276616872759078
75.8,55.24578710940737,20.55421289059263,20.55421289059263
74.0,73.06233665174145,0.9376633482585532,0.9376633482585532
47.4,54.99237410111908,-7.592374101119084,7.592374101119084
70.7,76.470946508021,-5.770946508020998,5.770946508020998
84.1,71.4385416251974,12.661458374802592,12.661458374802592
55.9,56.74995361807537,-0.849953618075368,0.849953618075368
84.5,63.534848338644636,20.965151661355364,20.965151661355364
40.4,56.76497122268948,-16.364971222689483,16.364971222689483
70.3,67.56046677323428,2.7395332267657153,2.7395332267657153
72.6,67.84945183914517,4.7505481608548195,4.7505481608548195
43.4,55.433767251954706,-12.033767251954707,12.033767251954707
